[{"model": "bibaboba.film", "pk": 1, "fields": {"title_ru": "Трудно быть Богом", "title_eng": "It's hard to be a God", "year_of_issue": "2013-06-21", "duration": "02:57:00", "rating": 0, "synopsis": "На планете, погружённой в глухое Средневековье, работают наблюдатели-земляне, которые пытаются бережно подправлять ход событий, не нарушая логического развития истории. Главный герой, дон Румата Эсторский, осознавая свою задачу сохранения нейтралитета, тем не менее, не выдерживает, когда в Арканаре (одном из городов планеты) захватывает власть «чёрное братство», свергнувшее господство «серых», столь же отвратительных, но не столь кровавых. Румата берётся за меч, чтобы покарать злодеев, и тем самым нарушает все правила и закономерности, вмешиваясь в чужой исторический процесс.", "trailer_link": "https://www.youtube.com/embed/b4dLADsd3m8", "img_cover": "https://avatars.mds.yandex.net/get-kinopoisk-image/1704946/6b32c876-95f6-49c9-a898-bfcc9b5e2d52/1920x", "img_small": "https://avatars.mds.yandex.net/get-kinopoisk-image/1600647/e7d1f9f1-cbcb-48be-8658-4a58e435a99c/1920x", "type": 1, "genres": [1, 2], "favorites": [1, 2]}}, {"model": "bibaboba.film", "pk": 2, "fields": {"title_ru": "Сталкер", "title_eng": "Stalker", "year_of_issue": "1979-06-21", "duration": "02:43:00", "rating": 0, "synopsis": "В некой запретной Зоне, по слухам, существует комната, где исполняются самые заветные желания. К этой комнате отправляются модный Писатель и авторитетный Профессор — каждый по своим причинам, о которых предпочитают не говорить. А ведет их туда Сталкер — проводник по Зоне — то ли юродивый, то ли апостол новой веры.", "trailer_link": "https://www.youtube.com/embed/YuOnfQd-aTw", "img_cover": "https://avatars.mds.yandex.net/get-kinopoisk-image/1777765/513d8387-3b27-44fa-97e7-89297b0afee1/1920x", "img_small": "https://avatars.mds.yandex.net/get-kinopoisk-image/1600647/0c1fa24b-90fa-4477-8904-46b885294826/1920x", "type": 1, "genres": [1, 2, 3, 4], "favorites": [2]}}, {"model": "bibaboba.film", "pk": 3, "fields": {"title_ru": "Три кота и море приключений", "title_eng": "Three cats and sea of adventures", "year_of_issue": "2021-06-21", "duration": "01:03:00", "rating": 0, "synopsis": "Коржик, Карамелька и Компот вместе с родителями они отправляются отдыхать на морской курорт, где их ждут яркие события, полные весёлой суматохи и встреч с новыми друзьями.", "trailer_link": "https://www.youtube.com/embed/y92uuIAinBw", "img_cover": "https://avatars.mds.yandex.net/get-kinopoisk-image/4774061/9b9f81f7-400a-47ac-aab2-c2c76433a7c6/1920x", "img_small": "https://avatars.mds.yandex.net/get-kinopoisk-image/4303601/ef6b8705-71bd-44de-9e1d-9745e5697e97/1920x", "type": 3, "genres": [4], "favorites": []}}, {"model": "bibaboba.film", "pk": 4, "fields": {"title_ru": "Молодой человек", "title_eng": "Young Man", "year_of_issue": "2022-06-21", "duration": "01:20:00", "rating": 0, "synopsis": "Ваня Ревзин к своим тридцати годам, несмотря на золотую медаль в школе и красный диплом МГУ, оказался на дне: жена ушла к КМС по боксу, с убогой работы в банке уволили, а до закрытия ипотеки за маленькую студию в человейнике — годы боли и страданий. В момент отчаяния Иван узнает, что его ушлый одноклассник-двоечник Коля стал преуспевающим бизнесменом и объявил конкурс для старшеклассников с многомиллионным призовым фондом. Ваня, который выглядит сильно моложе своих лет, и которому даже алкоголь продают только по паспорту, решается на аферу. Он сбривает бороду, подделывает документы и едет на соревнование с уверенностью, что жизненный опыт легко одолеет молодость.", "trailer_link": "https://www.youtube.com/embed/RlMmQMZsEQk", "img_cover": "https://avatars.mds.yandex.net/get-kinopoisk-image/6201401/3d53f9ee-9d3b-4eab-99e4-c6a984289894/1920x", "img_small": "https://avatars.mds.yandex.net/get-kinopoisk-image/4774061/6cd8ae3a-25bc-4fb1-afbd-f429b1c336cf/1920x", "type": 1, "genres": [6], "favorites": [2]}}, {"model": "bibaboba.film", "pk": 5, "fields": {"title_ru": "1 + 1", "title_eng": "Intouchables", "year_of_issue": "2011-06-21", "duration": "01:52:00", "rating": 0, "synopsis": "Пострадав в результате несчастного случая, богатый аристократ Филипп нанимает в помощники человека, который менее всего подходит для этой работы, – молодого жителя предместья Дрисса, только что освободившегося из тюрьмы. Несмотря на то, что Филипп прикован к инвалидному креслу, Дриссу удается привнести в размеренную жизнь аристократа дух приключений.", "trailer_link": "https://www.youtube.com/embed/tTwFeGArcrs", "img_cover": "https://avatars.mds.yandex.net/get-kinopoisk-image/1900788/a0540548-7861-481d-bafb-a1b8c6ff05aa/1920x", "img_small": "https://avatars.mds.yandex.net/get-kinopoisk-image/1773646/1aabbe89-6cbe-4585-a520-8c0975502bcc/1920x", "type": 1, "genres": [2, 6, 7], "favorites": [2]}}, {"model": "bibaboba.film", "pk": 6, "fields": {"title_ru": "Унесённые призраками", "title_eng": "Sen to Chihiro no kamikakushi", "year_of_issue": "2001-06-21", "duration": "02:02:00", "rating": 0, "synopsis": "Тихиро с мамой и папой переезжает в новый дом. Заблудившись по дороге, они оказываются в странном пустынном городе, где их ждет великолепный пир. Родители с жадностью набрасываются на еду и к ужасу девочки превращаются в свиней, став пленниками злой колдуньи Юбабы. Теперь, оказавшись одна среди волшебных существ и загадочных видений, Тихиро должна придумать, как избавить своих родителей от чар коварной старухи.", "trailer_link": "https://www.youtube.com/embed/bgxiTkAlQrw", "img_cover": "https://avatars.mds.yandex.net/get-kinopoisk-image/1599028/7070007f-7640-4d88-b77a-11bb897d3557/1920x", "img_small": "https://avatars.mds.yandex.net/get-kinopoisk-image/1900788/6c61384e-41b6-4bc5-b5d7-856d75d99146/1920x", "type": 4, "genres": [4, 8, 9], "favorites": []}}, {"model": "bibaboba.film", "pk": 7, "fields": {"title_ru": "Драйв", "title_eng": "Drive", "year_of_issue": "2011-06-21", "duration": "01:40:00", "rating": 0, "synopsis": "Умер в конце Бегущего по лезвию 2049 (не умер).", "trailer_link": "https://www.youtube.com/embed/KBiOF3y1W0Y", "img_cover": "https://avatars.mds.yandex.net/get-kinopoisk-image/1946459/bc8e64d4-148f-457b-9b99-30544c5bb586/1920x", "img_small": "https://avatars.mds.yandex.net/get-kinopoisk-image/1898899/155a66da-68e8-4822-b4ba-2bdb248abf74/1920x", "type": 1, "genres": [2, 11, 12, 13], "favorites": []}}, {"model": "bibaboba.film", "pk": 8, "fields": {"title_ru": "Евангелион: Смерть и перерождение", "title_eng": "Shinseiki Evangelion Gekijoban: Shi to Shinsei", "year_of_issue": "1997-06-21", "duration": "01:41:00", "rating": 0, "synopsis": "Боевым пилотом робота серии «Еванглион» становится 14-летний Синдзи Икари — сын руководителя NERV Гэндо Икари, замкнутый и необщительный подросток, тяжело переживающий отдаление отца. Схожими проблемами страдают не только другие юные пилоты, но и взрослые сотрудники организации, от которых начальство скрывает истинный смысл проекта.", "trailer_link": "https://www.youtube.com/embed/5Xu4tNDyTQc", "img_cover": "https://avatars.mds.yandex.net/get-kinopoisk-image/1773646/c22ec13f-d3ff-4fa8-a2d9-5dbc230f6444/1920x", "img_small": "https://avatars.mds.yandex.net/get-kinopoisk-image/1777765/ba303c80-58bc-459b-a333-809e18d5a2c5/1920x", "type": 4, "genres": [1, 2, 14], "favorites": [2]}}, {"model": "bibaboba.film", "pk": 9, "fields": {"title_ru": "Пацаны", "title_eng": "The Boys", "year_of_issue": "2020-06-23", "duration": "01:00:00", "rating": 0, "synopsis": "Действие сериала разворачивается в мире, где существуют супергерои. Именно они являются настоящими звездами. Их все знают и обожают. Но за идеальным фасадом скрывается гораздо более мрачный мир наркотиков и секса, а большинство героев — в жизни не самые приятные люди. Противостоит им отряд, неофициально известный как «Пацаны».", "trailer_link": "https://www.youtube.com/embed/zNztReTPpOE", "img_cover": "https://avatars.mds.yandex.net/get-kinopoisk-image/1946459/1e63f76d-2224-4501-817a-570a2078d28f/1920x", "img_small": "https://avatars.mds.yandex.net/get-kinopoisk-image/1777765/2bafdb88-1829-48a5-9e08-c5f4d6610554/1920x", "type": 2, "genres": [1, 12, 14], "favorites": []}}, {"model": "bibaboba.film", "pk": 10, "fields": {"title_ru": "Тайна Коко", "title_eng": "Coco", "year_of_issue": "2017-06-25", "duration": "01:45:00", "rating": 0, "synopsis": "12-летний Мигель живёт в мексиканской деревушке в семье сапожников и тайно мечтает стать музыкантом. Тайно, потому что в его семье музыка считается проклятием. Когда-то его прапрадед оставил жену, прапрабабку Мигеля, ради мечты, которая теперь не даёт спокойно жить и его праправнуку. С тех пор музыкальная тема в семье стала табу. Мигель обнаруживает, что между ним и его любимым певцом Эрнесто де ла Крусом, ныне покойным, существует некая связь. Паренёк отправляется к своему кумиру в Страну Мёртвых, где встречает души предков. Мигель знакомится там с духом-скелетом по имени Гектор, который становится его проводником. Вдвоём они отправляются на поиски де ла Круса.", "trailer_link": "https://www.youtube.com/embed/WEdHli4e_Sw", "img_cover": "https://avatars.mds.yandex.net/get-kinopoisk-image/1773646/93b0dc9a-b305-4cd3-bf8e-1411aa4b8806/1920x", "img_small": "https://avatars.mds.yandex.net/get-kinopoisk-image/1777765/240306b2-f7a3-410e-888c-baca792be7b6/1920x", "type": 3, "genres": [4, 6, 8, 9, 15], "favorites": [2]}}, {"model": "bibaboba.film", "pk": 11, "fields": {"title_ru": "Винни Пух", "title_eng": "Vinni Puh", "year_of_issue": "1969-06-25", "duration": "00:11:00", "rating": 0, "synopsis": "Первый фильм из серии о забавном медвежонке и его друзьях. Фильм снят по сказке Алана Милна. Глава, в которой происходит знакомство с Винни-Пухом и подозрительными пчелами.", "trailer_link": "https://www.youtube.com/embed/4CsCyf1xEVU", "img_cover": "https://pic.uma.media/pic/cardimage/69/45/694545fd13d267fd4358d9afbf48c57c.jpg", "img_small": "https://avatars.mds.yandex.net/get-kinopoisk-image/1599028/c5b6c0c7-f300-4c3d-99f2-cd09801ff43f/300x450", "type": 3, "genres": [9, 16, 17], "favorites": []}}, {"model": "bibaboba.film", "pk": 12, "fields": {"title_ru": "Жил-был пёс", "title_eng": "There lived a dog", "year_of_issue": "1982-06-25", "duration": "00:10:00", "rating": 0, "synopsis": "Жил-был пёс. Верно служил, но выгнали его по старости. И решил он повеситься, да повстречал в лесу такого же старого волка...", "trailer_link": "https://www.youtube.com/embed/smQEzxXziL0", "img_cover": "https://cdn.fishki.net/upload/post/2021/08/13/3884553/e414adb1c205c0fe3762aee4d156cc2d.jpg", "img_small": "https://avatars.mds.yandex.net/get-kinopoisk-image/1898899/99e20d57-bbcc-4006-8193-f5eaabdd63d6/300x450", "type": 3, "genres": [6, 9, 17], "favorites": []}}, {"model": "bibaboba.film", "pk": 13, "fields": {"title_ru": "Фанни и Александр", "title_eng": "Fanny och Alexander", "year_of_issue": "1983-06-25", "duration": "06:12:00", "rating": 0, "synopsis": "История семьи Экдаль, увиденная глазами двух детей — сестры и брата Фанни и Александра. Пока семья едина и неразлучна, дети счастливы и без страха могут предаваться чудесным мечтам. С потерей близких людей в них растет чувство горечи и неприязни к миру. Но там, где Фанни пытается сохранить чистую душу, Александр замыкается в тёмном и жестоком внутреннем мирке.", "trailer_link": "https://www.youtube.com/embed/adflkf7XBCs", "img_cover": "https://avatars.mds.yandex.net/get-kinopoisk-image/4303601/4fac1677-e9d9-458a-8158-272ac96795f3/1920x", "img_small": "https://avatars.mds.yandex.net/get-kinopoisk-image/1900788/7af14520-b2ce-4ae4-a504-4eb29617b304/1920x", "type": 2, "genres": [2], "favorites": []}}, {"model": "bibaboba.film", "pk": 14, "fields": {"title_ru": "Любовь. Смерть. Роботы", "title_eng": "Love, Death & Robots", "year_of_issue": "2019-06-25", "duration": "01:20:00", "rating": 0, "synopsis": "Короткометражные фильмы на фантастические темы.", "trailer_link": "https://www.youtube.com/embed/F-bVMRzlMBk", "img_cover": "https://avatars.mds.yandex.net/get-kinopoisk-image/4303601/37962367-87b9-41fa-afe1-d69ca67921da/1920x", "img_small": "https://avatars.mds.yandex.net/get-kinopoisk-image/4774061/542b0115-14bc-4bac-9939-cf3418f09627/1920x", "type": 2, "genres": [1, 8, 12, 13], "favorites": []}}, {"model": "bibaboba.film", "pk": 15, "fields": {"title_ru": "Настоящий детектив", "title_eng": "True Detective", "year_of_issue": "2014-06-25", "duration": "01:01:00", "rating": 0, "synopsis": "В Луизиане в 1995 году происходит странное убийство девушки. В 2012 году дело об убийстве 1995 г. повторно открывают, так как произошло похожее убийство. Дабы лучше продвинуться в расследовании, полиция решает допросить бывших детективов, которые работали над делом в 1995 г.", "trailer_link": "https://www.youtube.com/embed/t9H38WJ7OVA", "img_cover": "https://image.tmdb.org/t/p/original/qcBh26CVED0hEmh3COpjYbz3SPG.jpg", "img_small": "https://avatars.mds.yandex.net/get-kinopoisk-image/1600647/4e45d43d-6e40-46d8-98cb-839014fde56b/1920x", "type": 2, "genres": [2, 3, 12, 13], "favorites": []}}, {"model": "bibaboba.film", "pk": 16, "fields": {"title_ru": "Евангелион 3.33: Ты (не) исправишь", "title_eng": "Evangerion shin gekijoban: Kyu", "year_of_issue": "2012-06-25", "duration": "01:46:00", "rating": 0, "synopsis": "Синдзи приходит в себя после комы, в которую он впал, пытаясь спасти Рэй из поглотившего её Ангела. Мало того, что на парня надет сдерживающий ошейник, так ещё и Мисато, Аска и другие теперь сражаются на стороне организации WILLE против NERV. Оказывается, что после Третьего удара прошло уже 14 лет, но из-за так называемого проклятия «Евы» пилоты «Евангелионов» остались подростками. Хотя Мисато утверждает, что Рэй больше не существует, та прорывается на новом боевом роботе серии «Марк» и вызволяет Синдзи из воздушного линкора WILLE.", "trailer_link": "https://www.youtube.com/embed/QDSIZ6GZlNA", "img_cover": "https://i.ytimg.com/vi/bNDG6koQQh0/maxresdefault.jpg", "img_small": "https://avatars.mds.yandex.net/get-kinopoisk-image/1946459/26796e22-0adf-48c7-be8e-92414171be71/1920x", "type": 4, "genres": [1, 2, 14], "favorites": [2]}}, {"model": "bibaboba.film", "pk": 17, "fields": {"title_ru": "Евангелион 3.0+1.01: Как-то раз", "title_eng": "Evangelion: 3.0+1.01 Thrice Upon a Time", "year_of_issue": "2021-06-25", "duration": "02:35:00", "rating": 0, "synopsis": "Воздушный флот организации WILLE успешно проводит парижскую операцию: отбивается от армии беспилотных роботов, активирует гигантский уплотнительный столб, восстанавливает город и заполучает боеприпасы и запчасти «Евангелионов». А в это время потерявший волю к жизни из-за смерти Каору и чуть было не устроенного им самим Четвёртого удара Синдзи вместе с Рэй послушно следует за Аской, и вскоре троица оказывается в Третьей деревне — восстановленном поселении, где люди пытаются наладить мирную жизнь.", "trailer_link": "https://www.youtube.com/embed/GZfuWMDEJpw", "img_cover": "https://i0.wp.com/www.hanamidango.com/wp-content/uploads/2021/03/Evangelion-wall.jpg?w=2048&ssl=1", "img_small": "https://avatars.mds.yandex.net/get-kinopoisk-image/4483445/e464cc0a-95af-4bf4-8968-d0d3efaef0a1/1920x", "type": 4, "genres": [1, 2, 14], "favorites": [2]}}, {"model": "bibaboba.film", "pk": 18, "fields": {"title_ru": "Властелин колец: Братство Кольца", "title_eng": "The Lord of the Rings: The Fellowship of the Ring", "year_of_issue": "2001-06-27", "duration": "02:58:00", "rating": 0, "synopsis": "Сказания о Средиземье — это хроника Великой войны за Кольцо, длившейся не одну тысячу лет. Тот, кто владел Кольцом, получал неограниченную власть, но был обязан служить злу.  Тихая деревня, где живут хоббиты. Придя на 111-й день рождения к своему старому другу Бильбо Бэггинсу, волшебник Гэндальф начинает вести разговор о кольце, которое Бильбо нашел много лет назад. Это кольцо принадлежало когда-то темному властителю Средиземья Саурону, и оно дает большую власть своему обладателю. Теперь Саурон хочет вернуть себе власть над Средиземьем. Бильбо отдает Кольцо племяннику Фродо, чтобы тот отнёс его к Роковой Горе и уничтожил.", "trailer_link": "https://www.youtube.com/embed/jgqQhWfhwXE", "img_cover": "https://avatars.mds.yandex.net/get-kinopoisk-image/1900788/5f9a7ec1-2432-47f2-ab9e-8fd388cc6ac7/1920x", "img_small": "https://avatars.mds.yandex.net/get-kinopoisk-image/1629390/13a4eaa4-fc80-4cbf-a938-36a226320bfd/1920x", "type": 1, "genres": [2, 4, 8], "favorites": []}}, {"model": "bibaboba.film", "pk": 19, "fields": {"title_ru": "Властелин колец: Возвращение короля", "title_eng": "The Lord of the Rings: The Return of the King", "year_of_issue": "2003-06-27", "duration": "03:21:00", "rating": 0, "synopsis": "Повелитель сил тьмы Саурон направляет свою бесчисленную армию под стены Минас-Тирита, крепости Последней Надежды. Он предвкушает близкую победу, но именно это мешает ему заметить две крохотные фигурки — хоббитов, приближающихся к Роковой Горе, где им предстоит уничтожить Кольцо Всевластья.", "trailer_link": "https://www.youtube.com/embed/lxAeV1-KpSA", "img_cover": "https://avatars.mds.yandex.net/get-kinopoisk-image/1900788/5679fa74-d6b5-4f7f-b832-d293e40df81e/1920x", "img_small": "https://avatars.mds.yandex.net/get-kinopoisk-image/1773646/a89088b7-99cf-4c55-ad78-0adc10e61b87/1920x", "type": 1, "genres": [2, 4, 8], "favorites": []}}, {"model": "bibaboba.film", "pk": 20, "fields": {"title_ru": "Властелин колец: Две крепости", "title_eng": "The Lord of the Rings: The Two Towers", "year_of_issue": "2002-06-27", "duration": "02:59:00", "rating": 0, "synopsis": "Братство распалось, но Кольцо Всевластья должно быть уничтожено. Фродо и Сэм вынуждены довериться Голлуму, который взялся провести их к вратам Мордора. Громадная армия Сарумана приближается: члены братства и их союзники готовы принять бой. Битва за Средиземье продолжается.", "trailer_link": "https://www.youtube.com/embed/n8EaedqFfuU", "img_cover": "https://avatars.mds.yandex.net/get-kinopoisk-image/4303601/9faa9549-17c5-4732-8060-9d6cc9ae8197/1920x", "img_small": "https://avatars.mds.yandex.net/get-kinopoisk-image/1599028/927d885e-ee18-4636-89d4-311bdcd9de0c/1920x", "type": 1, "genres": [2, 4, 8], "favorites": []}}, {"model": "bibaboba.type", "pk": 1, "fields": {"name": "Фильм"}}, {"model": "bibaboba.type", "pk": 2, "fields": {"name": "Сериал"}}, {"model": "bibaboba.type", "pk": 3, "fields": {"name": "Мультфильм"}}, {"model": "bibaboba.type", "pk": 4, "fields": {"name": "Аниме"}}, {"model": "bibaboba.genre", "pk": 1, "fields": {"title": "Фантастика"}}, {"model": "bibaboba.genre", "pk": 2, "fields": {"title": "Драма"}}, {"model": "bibaboba.genre", "pk": 3, "fields": {"title": "Детектив"}}, {"model": "bibaboba.genre", "pk": 4, "fields": {"title": "Приключение"}}, {"model": "bibaboba.genre", "pk": 6, "fields": {"title": "Комедия"}}, {"model": "bibaboba.genre", "pk": 7, "fields": {"title": "Биография"}}, {"model": "bibaboba.genre", "pk": 8, "fields": {"title": "Фэнтези"}}, {"model": "bibaboba.genre", "pk": 9, "fields": {"title": "Семейный"}}, {"model": "bibaboba.genre", "pk": 11, "fields": {"title": "Нуар"}}, {"model": "bibaboba.genre", "pk": 12, "fields": {"title": "Криминал"}}, {"model": "bibaboba.genre", "pk": 13, "fields": {"title": "Триллер"}}, {"model": "bibaboba.genre", "pk": 14, "fields": {"title": "Боевик"}}, {"model": "bibaboba.genre", "pk": 15, "fields": {"title": "Музыка"}}, {"model": "bibaboba.genre", "pk": 16, "fields": {"title": "Детский"}}, {"model": "bibaboba.genre", "pk": 17, "fields": {"title": "Короткометражка"}}, {"model": "bibaboba.user", "pk": 1, "fields": {"login": "dyrashka", "email": "loshara@mail.ru"}}, {"model": "bibaboba.user", "pk": 2, "fields": {"login": "dodik", "email": "dodik@mail.ru"}}, {"model": "bibaboba.user", "pk": 3, "fields": {"login": "bababa", "email": "bababa@mail.ru"}}, {"model": "bibaboba.user", "pk": 4, "fields": {"login": "sdasd", "email": "sadasd@mail.ru"}}, {"model": "bibaboba.userrating", "pk": 14, "fields": {"film_id": 1, "user_id": 1, "user_rating": 5}}, {"model": "bibaboba.userrating", "pk": 15, "fields": {"film_id": 2, "user_id": 1, "user_rating": 8}}, {"model": "bibaboba.userrating", "pk": 16, "fields": {"film_id": 2, "user_id": 2, "user_rating": 8}}, {"model": "bibaboba.userrating", "pk": 17, "fields": {"film_id": 1, "user_id": 2, "user_rating": 1}}, {"model": "bibaboba.userrating", "pk": 18, "fields": {"film_id": 7, "user_id": 3, "user_rating": 10}}, {"model": "bibaboba.userrating", "pk": 19, "fields": {"film_id": 2, "user_id": 3, "user_rating": 1}}, {"model": "bibaboba.userrating", "pk": 20, "fields": {"film_id": 3, "user_id": 1, "user_rating": 8}}, {"model": "bibaboba.userrating", "pk": 21, "fields": {"film_id": 17, "user_id": 2, "user_rating": 9}}, {"model": "admin.logentry", "pk": 1, "fields": {"action_time": "2022-06-21T14:23:09.357Z", "user": 1, "content_type": 2, "object_id": "1", "object_repr": "Фантастика", "action_flag": 1, "change_message": "[{\"added\": {}}]"}}, {"model": "admin.logentry", "pk": 2, "fields": {"action_time": "2022-06-21T14:23:14.043Z", "user": 1, "content_type": 2, "object_id": "2", "object_repr": "Драма", "action_flag": 1, "change_message": "[{\"added\": {}}]"}}, {"model": "admin.logentry", "pk": 3, "fields": {"action_time": "2022-06-21T14:25:32.501Z", "user": 1, "content_type": 1, "object_id": "1", "object_repr": "Трудно быть Богом", "action_flag": 1, "change_message": "[{\"added\": {}}]"}}, {"model": "admin.logentry", "pk": 4, "fields": {"action_time": "2022-06-21T14:28:53.229Z", "user": 1, "content_type": 2, "object_id": "3", "object_repr": "Детектив", "action_flag": 1, "change_message": "[{\"added\": {}}]"}}, {"model": "admin.logentry", "pk": 5, "fields": {"action_time": "2022-06-21T14:28:57.367Z", "user": 1, "content_type": 2, "object_id": "4", "object_repr": "Приключение", "action_flag": 1, "change_message": "[{\"added\": {}}]"}}, {"model": "admin.logentry", "pk": 6, "fields": {"action_time": "2022-06-21T14:29:04.367Z", "user": 1, "content_type": 1, "object_id": "2", "object_repr": "Сталкер", "action_flag": 1, "change_message": "[{\"added\": {}}]"}}, {"model": "admin.logentry", "pk": 7, "fields": {"action_time": "2022-06-21T14:30:12.144Z", "user": 1, "content_type": 2, "object_id": "5", "object_repr": "Мультфильм", "action_flag": 1, "change_message": "[{\"added\": {}}]"}}, {"model": "admin.logentry", "pk": 8, "fields": {"action_time": "2022-06-21T14:30:58.189Z", "user": 1, "content_type": 1, "object_id": "3", "object_repr": "Три кота и море приключений", "action_flag": 1, "change_message": "[{\"added\": {}}]"}}, {"model": "admin.logentry", "pk": 9, "fields": {"action_time": "2022-06-21T15:38:25.129Z", "user": 1, "content_type": 2, "object_id": "6", "object_repr": "Комедия", "action_flag": 1, "change_message": "[{\"added\": {}}]"}}, {"model": "admin.logentry", "pk": 10, "fields": {"action_time": "2022-06-21T15:38:28.396Z", "user": 1, "content_type": 1, "object_id": "4", "object_repr": "Молодой человек", "action_flag": 1, "change_message": "[{\"added\": {}}]"}}, {"model": "admin.logentry", "pk": 11, "fields": {"action_time": "2022-06-21T15:41:39.728Z", "user": 1, "content_type": 2, "object_id": "7", "object_repr": "Биография", "action_flag": 1, "change_message": "[{\"added\": {}}]"}}, {"model": "admin.logentry", "pk": 12, "fields": {"action_time": "2022-06-21T15:41:46.938Z", "user": 1, "content_type": 1, "object_id": "5", "object_repr": "1 + 1", "action_flag": 1, "change_message": "[{\"added\": {}}]"}}, {"model": "admin.logentry", "pk": 13, "fields": {"action_time": "2022-06-21T15:44:47.268Z", "user": 1, "content_type": 2, "object_id": "8", "object_repr": "Фэнтези", "action_flag": 1, "change_message": "[{\"added\": {}}]"}}, {"model": "admin.logentry", "pk": 14, "fields": {"action_time": "2022-06-21T15:45:01.575Z", "user": 1, "content_type": 2, "object_id": "9", "object_repr": "Семейный", "action_flag": 1, "change_message": "[{\"added\": {}}]"}}, {"model": "admin.logentry", "pk": 15, "fields": {"action_time": "2022-06-21T15:45:15.272Z", "user": 1, "content_type": 2, "object_id": "10", "object_repr": "Аниме", "action_flag": 1, "change_message": "[{\"added\": {}}]"}}, {"model": "admin.logentry", "pk": 16, "fields": {"action_time": "2022-06-21T15:45:18.680Z", "user": 1, "content_type": 1, "object_id": "6", "object_repr": "Унесённые призраками", "action_flag": 1, "change_message": "[{\"added\": {}}]"}}, {"model": "admin.logentry", "pk": 17, "fields": {"action_time": "2022-06-21T15:47:14.585Z", "user": 1, "content_type": 2, "object_id": "11", "object_repr": "Нуар", "action_flag": 1, "change_message": "[{\"added\": {}}]"}}, {"model": "admin.logentry", "pk": 18, "fields": {"action_time": "2022-06-21T15:47:20.250Z", "user": 1, "content_type": 2, "object_id": "12", "object_repr": "Криминал", "action_flag": 1, "change_message": "[{\"added\": {}}]"}}, {"model": "admin.logentry", "pk": 19, "fields": {"action_time": "2022-06-21T15:47:31.851Z", "user": 1, "content_type": 2, "object_id": "13", "object_repr": "Триллер", "action_flag": 1, "change_message": "[{\"added\": {}}]"}}, {"model": "admin.logentry", "pk": 20, "fields": {"action_time": "2022-06-21T15:49:10.984Z", "user": 1, "content_type": 1, "object_id": "7", "object_repr": "Драйв", "action_flag": 1, "change_message": "[{\"added\": {}}]"}}, {"model": "admin.logentry", "pk": 21, "fields": {"action_time": "2022-06-21T15:50:12.481Z", "user": 1, "content_type": 1, "object_id": "7", "object_repr": "Драйв", "action_flag": 2, "change_message": "[{\"changed\": {\"fields\": [\"SYNOPSIS\"]}}]"}}, {"model": "admin.logentry", "pk": 22, "fields": {"action_time": "2022-06-21T15:52:24.046Z", "user": 1, "content_type": 2, "object_id": "14", "object_repr": "Боевик", "action_flag": 1, "change_message": "[{\"added\": {}}]"}}, {"model": "admin.logentry", "pk": 23, "fields": {"action_time": "2022-06-21T15:55:07.435Z", "user": 1, "content_type": 1, "object_id": "8", "object_repr": "Евангелион: Смерть и перерождение", "action_flag": 1, "change_message": "[{\"added\": {}}]"}}, {"model": "admin.logentry", "pk": 24, "fields": {"action_time": "2022-06-22T13:33:43.890Z", "user": 1, "content_type": 4, "object_id": "3", "object_repr": "UserRating object (3)", "action_flag": 3, "change_message": ""}}, {"model": "admin.logentry", "pk": 25, "fields": {"action_time": "2022-06-22T13:33:47.220Z", "user": 1, "content_type": 4, "object_id": "2", "object_repr": "UserRating object (2)", "action_flag": 3, "change_message": ""}}, {"model": "admin.logentry", "pk": 26, "fields": {"action_time": "2022-06-22T13:55:49.804Z", "user": 1, "content_type": 4, "object_id": "4", "object_repr": "UserRating object (4)", "action_flag": 3, "change_message": ""}}, {"model": "admin.logentry", "pk": 27, "fields": {"action_time": "2022-06-22T13:55:52.955Z", "user": 1, "content_type": 4, "object_id": "5", "object_repr": "UserRating object (5)", "action_flag": 3, "change_message": ""}}, {"model": "admin.logentry", "pk": 28, "fields": {"action_time": "2022-06-22T13:55:55.456Z", "user": 1, "content_type": 4, "object_id": "1", "object_repr": "UserRating object (1)", "action_flag": 3, "change_message": ""}}, {"model": "admin.logentry", "pk": 29, "fields": {"action_time": "2022-06-22T13:56:42.751Z", "user": 1, "content_type": 4, "object_id": "7", "object_repr": "UserRating object (7)", "action_flag": 3, "change_message": ""}}, {"model": "admin.logentry", "pk": 30, "fields": {"action_time": "2022-06-22T13:56:45.168Z", "user": 1, "content_type": 4, "object_id": "6", "object_repr": "UserRating object (6)", "action_flag": 3, "change_message": ""}}, {"model": "admin.logentry", "pk": 31, "fields": {"action_time": "2022-06-22T13:59:33.375Z", "user": 1, "content_type": 4, "object_id": "10", "object_repr": "UserRating object (10)", "action_flag": 3, "change_message": ""}}, {"model": "admin.logentry", "pk": 32, "fields": {"action_time": "2022-06-22T13:59:33.522Z", "user": 1, "content_type": 4, "object_id": "9", "object_repr": "UserRating object (9)", "action_flag": 3, "change_message": ""}}, {"model": "admin.logentry", "pk": 33, "fields": {"action_time": "2022-06-22T13:59:33.666Z", "user": 1, "content_type": 4, "object_id": "8", "object_repr": "UserRating object (8)", "action_flag": 3, "change_message": ""}}, {"model": "admin.logentry", "pk": 34, "fields": {"action_time": "2022-06-22T14:00:49.002Z", "user": 1, "content_type": 4, "object_id": "11", "object_repr": "UserRating object (11)", "action_flag": 3, "change_message": ""}}, {"model": "admin.logentry", "pk": 35, "fields": {"action_time": "2022-06-22T14:01:21.546Z", "user": 1, "content_type": 4, "object_id": "13", "object_repr": "UserRating object (13)", "action_flag": 3, "change_message": ""}}, {"model": "admin.logentry", "pk": 36, "fields": {"action_time": "2022-06-22T14:01:21.681Z", "user": 1, "content_type": 4, "object_id": "12", "object_repr": "UserRating object (12)", "action_flag": 3, "change_message": ""}}, {"model": "admin.logentry", "pk": 37, "fields": {"action_time": "2022-06-22T14:03:12.715Z", "user": 1, "content_type": 3, "object_id": "2", "object_repr": "dodik@mail.ru", "action_flag": 1, "change_message": "[{\"added\": {}}]"}}, {"model": "admin.logentry", "pk": 38, "fields": {"action_time": "2022-06-23T16:14:29.871Z", "user": 1, "content_type": 11, "object_id": "1", "object_repr": "Фильм", "action_flag": 1, "change_message": "[{\"added\": {}}]"}}, {"model": "admin.logentry", "pk": 39, "fields": {"action_time": "2022-06-23T16:14:34.236Z", "user": 1, "content_type": 11, "object_id": "2", "object_repr": "Сериал", "action_flag": 1, "change_message": "[{\"added\": {}}]"}}, {"model": "admin.logentry", "pk": 40, "fields": {"action_time": "2022-06-23T16:14:39.602Z", "user": 1, "content_type": 11, "object_id": "3", "object_repr": "Мультфильм", "action_flag": 1, "change_message": "[{\"added\": {}}]"}}, {"model": "admin.logentry", "pk": 41, "fields": {"action_time": "2022-06-23T16:14:45.994Z", "user": 1, "content_type": 11, "object_id": "4", "object_repr": "Аниме", "action_flag": 1, "change_message": "[{\"added\": {}}]"}}, {"model": "admin.logentry", "pk": 42, "fields": {"action_time": "2022-06-23T16:16:12.581Z", "user": 1, "content_type": 1, "object_id": "3", "object_repr": "Три кота и море приключений", "action_flag": 2, "change_message": "[{\"changed\": {\"fields\": [\"Type\", \"Genres\"]}}]"}}, {"model": "admin.logentry", "pk": 43, "fields": {"action_time": "2022-06-23T16:16:22.980Z", "user": 1, "content_type": 2, "object_id": "5", "object_repr": "Мультфильм", "action_flag": 3, "change_message": ""}}, {"model": "admin.logentry", "pk": 44, "fields": {"action_time": "2022-06-23T16:16:51.802Z", "user": 1, "content_type": 1, "object_id": "8", "object_repr": "Евангелион: Смерть и перерождение", "action_flag": 2, "change_message": "[{\"changed\": {\"fields\": [\"Type\", \"Genres\"]}}]"}}, {"model": "admin.logentry", "pk": 45, "fields": {"action_time": "2022-06-23T16:17:06.020Z", "user": 1, "content_type": 2, "object_id": "10", "object_repr": "Аниме", "action_flag": 3, "change_message": ""}}, {"model": "admin.logentry", "pk": 46, "fields": {"action_time": "2022-06-23T16:20:13.635Z", "user": 1, "content_type": 1, "object_id": "7", "object_repr": "Драйв", "action_flag": 2, "change_message": "[{\"changed\": {\"fields\": [\"Type\"]}}]"}}, {"model": "admin.logentry", "pk": 47, "fields": {"action_time": "2022-06-23T16:20:22.754Z", "user": 1, "content_type": 1, "object_id": "6", "object_repr": "Унесённые призраками", "action_flag": 2, "change_message": "[{\"changed\": {\"fields\": [\"Type\"]}}]"}}, {"model": "admin.logentry", "pk": 48, "fields": {"action_time": "2022-06-23T16:20:27.105Z", "user": 1, "content_type": 1, "object_id": "5", "object_repr": "1 + 1", "action_flag": 2, "change_message": "[{\"changed\": {\"fields\": [\"Type\"]}}]"}}, {"model": "admin.logentry", "pk": 49, "fields": {"action_time": "2022-06-23T16:20:31.548Z", "user": 1, "content_type": 1, "object_id": "4", "object_repr": "Молодой человек", "action_flag": 2, "change_message": "[{\"changed\": {\"fields\": [\"Type\"]}}]"}}, {"model": "admin.logentry", "pk": 50, "fields": {"action_time": "2022-06-23T16:20:39.623Z", "user": 1, "content_type": 1, "object_id": "2", "object_repr": "Сталкер", "action_flag": 2, "change_message": "[{\"changed\": {\"fields\": [\"Type\"]}}]"}}, {"model": "admin.logentry", "pk": 51, "fields": {"action_time": "2022-06-23T16:20:43.440Z", "user": 1, "content_type": 1, "object_id": "1", "object_repr": "Трудно быть Богом", "action_flag": 2, "change_message": "[{\"changed\": {\"fields\": [\"Type\"]}}]"}}, {"model": "admin.logentry", "pk": 52, "fields": {"action_time": "2022-06-23T16:49:08.169Z", "user": 1, "content_type": 1, "object_id": "9", "object_repr": "Пацаны", "action_flag": 1, "change_message": "[{\"added\": {}}]"}}, {"model": "admin.logentry", "pk": 53, "fields": {"action_time": "2022-06-23T17:36:28.885Z", "user": 1, "content_type": 1, "object_id": "2", "object_repr": "Сталкер", "action_flag": 2, "change_message": "[{\"changed\": {\"fields\": [\"TRAILER_LINK\"]}}]"}}, {"model": "admin.logentry", "pk": 54, "fields": {"action_time": "2022-06-23T18:13:17.056Z", "user": 1, "content_type": 1, "object_id": "8", "object_repr": "Евангелион: Смерть и перерождение", "action_flag": 2, "change_message": "[{\"changed\": {\"fields\": [\"SYNOPSIS\", \"TRAILER_LINK\"]}}]"}}, {"model": "admin.logentry", "pk": 55, "fields": {"action_time": "2022-06-23T18:13:59.918Z", "user": 1, "content_type": 1, "object_id": "9", "object_repr": "Пацаны", "action_flag": 2, "change_message": "[{\"changed\": {\"fields\": [\"SYNOPSIS\", \"TRAILER_LINK\"]}}]"}}, {"model": "admin.logentry", "pk": 56, "fields": {"action_time": "2022-06-23T18:14:30.839Z", "user": 1, "content_type": 1, "object_id": "7", "object_repr": "Драйв", "action_flag": 2, "change_message": "[{\"changed\": {\"fields\": [\"TRAILER_LINK\"]}}]"}}, {"model": "admin.logentry", "pk": 57, "fields": {"action_time": "2022-06-23T18:15:10.257Z", "user": 1, "content_type": 1, "object_id": "6", "object_repr": "Унесённые призраками", "action_flag": 2, "change_message": "[{\"changed\": {\"fields\": [\"SYNOPSIS\", \"TRAILER_LINK\"]}}]"}}, {"model": "admin.logentry", "pk": 58, "fields": {"action_time": "2022-06-23T18:15:53.782Z", "user": 1, "content_type": 1, "object_id": "5", "object_repr": "1 + 1", "action_flag": 2, "change_message": "[{\"changed\": {\"fields\": [\"SYNOPSIS\", \"TRAILER_LINK\"]}}]"}}, {"model": "admin.logentry", "pk": 59, "fields": {"action_time": "2022-06-23T18:16:31.710Z", "user": 1, "content_type": 1, "object_id": "4", "object_repr": "Молодой человек", "action_flag": 2, "change_message": "[{\"changed\": {\"fields\": [\"SYNOPSIS\", \"TRAILER_LINK\"]}}]"}}, {"model": "admin.logentry", "pk": 60, "fields": {"action_time": "2022-06-23T18:16:58.050Z", "user": 1, "content_type": 1, "object_id": "3", "object_repr": "Три кота и море приключений", "action_flag": 2, "change_message": "[{\"changed\": {\"fields\": [\"TRAILER_LINK\"]}}]"}}, {"model": "admin.logentry", "pk": 61, "fields": {"action_time": "2022-06-23T18:17:18.928Z", "user": 1, "content_type": 1, "object_id": "2", "object_repr": "Сталкер", "action_flag": 2, "change_message": "[{\"changed\": {\"fields\": [\"SYNOPSIS\"]}}]"}}, {"model": "admin.logentry", "pk": 62, "fields": {"action_time": "2022-06-23T18:17:54.466Z", "user": 1, "content_type": 1, "object_id": "1", "object_repr": "Трудно быть Богом", "action_flag": 2, "change_message": "[{\"changed\": {\"fields\": [\"SYNOPSIS\", \"TRAILER_LINK\"]}}]"}}, {"model": "admin.logentry", "pk": 63, "fields": {"action_time": "2022-06-23T18:25:37.570Z", "user": 1, "content_type": 1, "object_id": "8", "object_repr": "Евангелион: Смерть и перерождение", "action_flag": 2, "change_message": "[{\"changed\": {\"fields\": [\"TRAILER_LINK\"]}}]"}}, {"model": "admin.logentry", "pk": 64, "fields": {"action_time": "2022-06-23T18:26:01.105Z", "user": 1, "content_type": 1, "object_id": "8", "object_repr": "Евангелион: Смерть и перерождение", "action_flag": 2, "change_message": "[{\"changed\": {\"fields\": [\"TRAILER_LINK\"]}}]"}}, {"model": "admin.logentry", "pk": 65, "fields": {"action_time": "2022-06-23T18:26:33.352Z", "user": 1, "content_type": 1, "object_id": "8", "object_repr": "Евангелион: Смерть и перерождение", "action_flag": 2, "change_message": "[{\"changed\": {\"fields\": [\"TRAILER_LINK\"]}}]"}}, {"model": "admin.logentry", "pk": 66, "fields": {"action_time": "2022-06-25T14:18:30.504Z", "user": 1, "content_type": 1, "object_id": "8", "object_repr": "Евангелион: Смерть и перерождение", "action_flag": 2, "change_message": "[{\"changed\": {\"fields\": [\"TRAILER_LINK\"]}}]"}}, {"model": "admin.logentry", "pk": 67, "fields": {"action_time": "2022-06-25T15:15:19.402Z", "user": 1, "content_type": 1, "object_id": "2", "object_repr": "Сталкер", "action_flag": 2, "change_message": "[{\"changed\": {\"fields\": [\"Favorites\"]}}]"}}, {"model": "admin.logentry", "pk": 68, "fields": {"action_time": "2022-06-25T15:15:25.598Z", "user": 1, "content_type": 1, "object_id": "3", "object_repr": "Три кота и море приключений", "action_flag": 2, "change_message": "[{\"changed\": {\"fields\": [\"Favorites\"]}}]"}}, {"model": "admin.logentry", "pk": 69, "fields": {"action_time": "2022-06-25T15:15:30.826Z", "user": 1, "content_type": 1, "object_id": "6", "object_repr": "Унесённые призраками", "action_flag": 2, "change_message": "[{\"changed\": {\"fields\": [\"Favorites\"]}}]"}}, {"model": "admin.logentry", "pk": 70, "fields": {"action_time": "2022-06-25T16:41:35.551Z", "user": 1, "content_type": 2, "object_id": "15", "object_repr": "Музыка", "action_flag": 1, "change_message": "[{\"added\": {}}]"}}, {"model": "admin.logentry", "pk": 71, "fields": {"action_time": "2022-06-25T16:41:39.095Z", "user": 1, "content_type": 1, "object_id": "10", "object_repr": "Тайна Коко", "action_flag": 1, "change_message": "[{\"added\": {}}]"}}, {"model": "admin.logentry", "pk": 72, "fields": {"action_time": "2022-06-25T16:55:40.335Z", "user": 1, "content_type": 2, "object_id": "16", "object_repr": "Детский", "action_flag": 1, "change_message": "[{\"added\": {}}]"}}, {"model": "admin.logentry", "pk": 73, "fields": {"action_time": "2022-06-25T16:55:51.288Z", "user": 1, "content_type": 2, "object_id": "17", "object_repr": "Короткометражка", "action_flag": 1, "change_message": "[{\"added\": {}}]"}}, {"model": "admin.logentry", "pk": 74, "fields": {"action_time": "2022-06-25T16:56:08.148Z", "user": 1, "content_type": 1, "object_id": "11", "object_repr": "Винни Пух", "action_flag": 1, "change_message": "[{\"added\": {}}]"}}, {"model": "admin.logentry", "pk": 75, "fields": {"action_time": "2022-06-25T16:59:46.874Z", "user": 1, "content_type": 1, "object_id": "12", "object_repr": "Жил-был пёс", "action_flag": 1, "change_message": "[{\"added\": {}}]"}}, {"model": "admin.logentry", "pk": 76, "fields": {"action_time": "2022-06-25T17:00:17.583Z", "user": 1, "content_type": 1, "object_id": "12", "object_repr": "Жил-был пёс", "action_flag": 2, "change_message": "[{\"changed\": {\"fields\": [\"IMG_COVER\"]}}]"}}, {"model": "admin.logentry", "pk": 77, "fields": {"action_time": "2022-06-25T17:07:35.549Z", "user": 1, "content_type": 1, "object_id": "13", "object_repr": "Фанни и Александр", "action_flag": 1, "change_message": "[{\"added\": {}}]"}}, {"model": "admin.logentry", "pk": 78, "fields": {"action_time": "2022-06-25T17:11:37.521Z", "user": 1, "content_type": 1, "object_id": "14", "object_repr": "Любовь. Смерть. Роботы", "action_flag": 1, "change_message": "[{\"added\": {}}]"}}, {"model": "admin.logentry", "pk": 79, "fields": {"action_time": "2022-06-25T17:20:58.412Z", "user": 1, "content_type": 1, "object_id": "15", "object_repr": "Настоящий детектив", "action_flag": 1, "change_message": "[{\"added\": {}}]"}}, {"model": "admin.logentry", "pk": 80, "fields": {"action_time": "2022-06-25T17:23:17.393Z", "user": 1, "content_type": 1, "object_id": "15", "object_repr": "Настоящий детектив", "action_flag": 2, "change_message": "[{\"changed\": {\"fields\": [\"IMG_COVER\"]}}]"}}, {"model": "admin.logentry", "pk": 81, "fields": {"action_time": "2022-06-25T17:27:41.024Z", "user": 1, "content_type": 1, "object_id": "16", "object_repr": "Евангелион 3.33: Ты (не) исправишь (2012)", "action_flag": 1, "change_message": "[{\"added\": {}}]"}}, {"model": "admin.logentry", "pk": 82, "fields": {"action_time": "2022-06-25T17:28:32.985Z", "user": 1, "content_type": 1, "object_id": "16", "object_repr": "Евангелион 3.33: Ты (не) исправишь (2012)", "action_flag": 2, "change_message": "[{\"changed\": {\"fields\": [\"TRAILER_LINK\"]}}]"}}, {"model": "admin.logentry", "pk": 83, "fields": {"action_time": "2022-06-25T17:28:33.233Z", "user": 1, "content_type": 1, "object_id": "16", "object_repr": "Евангелион 3.33: Ты (не) исправишь (2012)", "action_flag": 2, "change_message": "[]"}}, {"model": "admin.logentry", "pk": 84, "fields": {"action_time": "2022-06-25T17:30:39.773Z", "user": 1, "content_type": 1, "object_id": "16", "object_repr": "Евангелион 3.33: Ты (не) исправишь (2012)", "action_flag": 2, "change_message": "[{\"changed\": {\"fields\": [\"TRAILER_LINK\"]}}]"}}, {"model": "admin.logentry", "pk": 85, "fields": {"action_time": "2022-06-25T17:32:28.348Z", "user": 1, "content_type": 1, "object_id": "16", "object_repr": "Евангелион 3.33: Ты (не) исправишь (2012)", "action_flag": 2, "change_message": "[{\"changed\": {\"fields\": [\"IMG_COVER\"]}}]"}}, {"model": "admin.logentry", "pk": 86, "fields": {"action_time": "2022-06-25T17:33:05.059Z", "user": 1, "content_type": 1, "object_id": "16", "object_repr": "Евангелион 3.33: Ты (не) исправишь (2012)", "action_flag": 2, "change_message": "[{\"changed\": {\"fields\": [\"IMG_COVER\"]}}]"}}, {"model": "admin.logentry", "pk": 87, "fields": {"action_time": "2022-06-25T17:37:58.416Z", "user": 1, "content_type": 1, "object_id": "17", "object_repr": "Евангелион 3.0+1.01: Как-то раз", "action_flag": 1, "change_message": "[{\"added\": {}}]"}}, {"model": "admin.logentry", "pk": 88, "fields": {"action_time": "2022-06-25T17:41:15.411Z", "user": 1, "content_type": 1, "object_id": "16", "object_repr": "Евангелион 3.33: Ты (не) исправишь (2012)", "action_flag": 2, "change_message": "[{\"changed\": {\"fields\": [\"TRAILER_LINK\"]}}]"}}, {"model": "admin.logentry", "pk": 89, "fields": {"action_time": "2022-06-25T18:01:11.655Z", "user": 1, "content_type": 1, "object_id": "17", "object_repr": "Евангелион 3.0+1.01: Как-то раз", "action_flag": 2, "change_message": "[{\"changed\": {\"fields\": [\"IMG_COVER\"]}}]"}}, {"model": "admin.logentry", "pk": 90, "fields": {"action_time": "2022-06-25T18:01:52.587Z", "user": 1, "content_type": 1, "object_id": "16", "object_repr": "Евангелион 3.33: Ты (не) исправишь", "action_flag": 2, "change_message": "[{\"changed\": {\"fields\": [\"TITLE_RU\"]}}]"}}, {"model": "admin.logentry", "pk": 91, "fields": {"action_time": "2022-06-25T18:07:07.144Z", "user": 1, "content_type": 1, "object_id": "17", "object_repr": "Евангелион 3.0+1.01: Как-то раз", "action_flag": 2, "change_message": "[{\"changed\": {\"fields\": [\"IMG_COVER\"]}}]"}}, {"model": "admin.logentry", "pk": 92, "fields": {"action_time": "2022-06-27T19:35:41.706Z", "user": 1, "content_type": 1, "object_id": "18", "object_repr": "Властелин колец: Братство Кольца", "action_flag": 1, "change_message": "[{\"added\": {}}]"}}, {"model": "admin.logentry", "pk": 93, "fields": {"action_time": "2022-06-27T19:39:18.768Z", "user": 1, "content_type": 1, "object_id": "19", "object_repr": "Властелин колец: Возвращение короля", "action_flag": 1, "change_message": "[{\"added\": {}}]"}}, {"model": "admin.logentry", "pk": 94, "fields": {"action_time": "2022-06-27T19:41:08.124Z", "user": 1, "content_type": 1, "object_id": "20", "object_repr": "Властелин колец: Две крепости", "action_flag": 1, "change_message": "[{\"added\": {}}]"}}, {"model": "auth.user", "pk": 1, "fields": {"password": "pbkdf2_sha256$320000$AfZhUfuoblpmZYljk0BZmH$whLmDXMAOzByL2zS68l9P4g5xmsAuUKVopVLLWsEQp8=", "last_login": "2022-07-05T15:28:37.925Z", "is_superuser": true, "username": "loh", "first_name": "", "last_name": "", "email": "loh@mail.ru", "is_staff": true, "is_active": true, "date_joined": "2022-06-21T14:22:02.144Z", "groups": [], "user_permissions": []}}, {"model": "sessions.session", "pk": "15gp1q4tnnh2so0vc1f443ukvuoekrnj", "fields": {"session_data": ".eJxVjEEOwiAQRe_C2hCgre24dN8zkIGZkaqBpLQr492VpAvd_vfefymP-5b8Xnn1C6mLsur0uwWMD84N0B3zrehY8rYuQTdFH7TquRA_r4f7d5Cwpm-NQgBniW5AFGATOxjZiXSTDTRGQulM36gLBIYi8WDRTeCc9AYJ1PsDHJ85Hw:1o8kTe:BOGkOchtegNbMoL0HQGPviV7ROup9dEk0Jfh9KJHzA4", "expire_date": "2022-07-19T15:28:38.012Z"}}, {"model": "sessions.session", "pk": "6p0m9irjojh3szryt37sfq0fga9vnddj", "fields": {"session_data": ".eJxVjEEOwiAQRe_C2hCgre24dN8zkIGZkaqBpLQr492VpAvd_vfefymP-5b8Xnn1C6mLsur0uwWMD84N0B3zrehY8rYuQTdFH7TquRA_r4f7d5Cwpm-NQgBniW5AFGATOxjZiXSTDTRGQulM36gLBIYi8WDRTeCc9AYJ1PsDHJ85Hw:1o3elz:ImSVKvq4meQd4U9gxqLmDBvBSP5XnaD7_TxqoW3rfrE", "expire_date": "2022-07-05T14:22:31.312Z"}}]